id;username;email;password_hash;first_name;last_name;is_account_activated;authorities
1;ah valiantly meanwhile;"]Q`^@V;2y4YxH/^";circa;Wanda;Stark;true;aw concerning
2;what brr;"fc|z@(R>#)";awkwardly;Shaun;Hansen;true;honesty
3;merrily controvert yum;"Q/QAK@q#DqY4";hole;Dena;Jacobi;false;uh-huh instead squirm
4;tombX;"=@dx:Rh0L+aYQ";bootleg near;Vaughn;Schiller;false;ultimate carouse chiffonier
5;pish indeed self-reliant;"SX;@9P;~PmG3w";whose ravage quaver;May;Klocko;false;react
6;against sleepy;"`hyaM@ZgTyt";lavish restfully hmph;Jefferey;Collier;false;hoick
7;lest gosh nor;"u@$yB%Ro^";upbeat encode;Giovani;Hettinger;false;expert across
8;authorized searchingly;"X@+*,T";bravely goodwill;Lonie;Predovic;false;swine
9;illustrious coil;"RI=GY~@#o<_i]Oi\G";greedily phew why;Zion;Schoen;false;hmph tremendously so
10;see punctually;"]%O@o>%{";deduct immediate;Dagmar;Nienow;true;draft animated solemnly
